{"name":"t:sections.footer.name","type":"footer","sections":{"bt_mobile_menu_AM7grC":{"type":"Bt_mobile_menu","name":"Mobile Navigation","settings":{"menu_link_1":"\/","menu_image_1":"shopify:\/\/shop_images\/home-svgrepo-com_8.svg","menu_link_2":"shopify:\/\/collections","menu_image_2":"shopify:\/\/shop_images\/shop_2bebdea2-bbee-470d-af2f-21844130215f.svg","menu_link_3":"\/cart","menu_image_3":"shopify:\/\/shop_images\/cart_69c95989-bcb4-4e7a-ad99-897c00e4cb6a.svg","menu_link_4":"#serach","menu_image_4":"shopify:\/\/shop_images\/search-svgrepo-com_3.svg"}},"bt_footer_pjxGVY":{"type":"BT_footer","blocks":{"payment_logo_JNDUnj":{"type":"payment_logo","settings":{"payment_img":"shopify:\/\/shop_images\/payment_1.png"}},"column_XxBecr":{"type":"column","settings":{"col_title":"Quick Links","menu":"menu"}},"column_HmL9NH":{"type":"column","settings":{"col_title":"Featured Brands","menu":"featured-brands"}},"column_WQri3x":{"type":"column","settings":{"col_title":"Categories","menu":"categories"}}},"block_order":["payment_logo_JNDUnj","column_XxBecr","column_HmL9NH","column_WQri3x"],"name":"Liliko Custom Footer","settings":{"color":"scheme-3","payment_icon_width":270,"logo":"shopify:\/\/shop_images\/logo_3.png","logo_width":150,"footer_text":"Liiliko brings together the best Asian snacks, drinks, and everyday essentials.  We carefully curate trusted brands to deliver freshness and quality.  From quick meals to sweet treats, every product adds joy to your routine.  Our mission is to make global flavors simple, affordable, and accessible.  Shop with confidence and discover something delightful every day.","heading":"Discover a hand-picked collection of authentic Asian products designed  to bring convenience, flavor, and inspiration to your everyday life.","copy_text":"Liliko © 2025 All rights reserved."}},"footer":{"type":"footer","disabled":true,"settings":{"color_scheme":"scheme-1","newsletter_enable":true,"newsletter_heading":"Subscribe to our emails","enable_follow_on_shop":true,"show_social":true,"enable_country_selector":true,"enable_language_selector":true,"payment_enable":true,"show_policy":true,"margin_top":0,"padding_top":36,"padding_bottom":36}}},"order":["bt_mobile_menu_AM7grC","bt_footer_pjxGVY","footer"]}