{"name":"t:sections.header.name","type":"header","sections":{"header":{"type":"header","disabled":true,"settings":{"logo_position":"middle-left","mobile_logo_position":"center","menu":"main-menu","menu_type_desktop":"dropdown","sticky_header_type":"on-scroll-up","show_line_separator":true,"color_scheme":"scheme-1","menu_color_scheme":"scheme-1","enable_country_selector":true,"enable_language_selector":true,"enable_customer_avatar":true,"margin_bottom":0,"padding_top":20,"padding_bottom":20}},"bt_announcement_bar_kP9VA6":{"type":"BT_announcement_bar","blocks":{"announcement_nD3wJf":{"type":"announcement","settings":{"text":"Discover Flavours You’ll Love","link":""}},"announcement_YDHJwX":{"type":"announcement","settings":{"text":"Your Favourite Snacks All In One Place","link":""}},"announcement_8qqhem":{"type":"announcement","settings":{"text":"Shop Smart And Snack Happy","link":""}}},"block_order":["announcement_nD3wJf","announcement_YDHJwX","announcement_8qqhem"],"name":"Liliko Announcement Bar","settings":{"color":"scheme-2"}},"bt_navbar_wLN3zU":{"type":"BT_navbar","blocks":{"collection_group_6ad447":{"type":"collection_group","settings":{"collection_group_title":"","collection":"household"}},"collection_group_hkHfHX":{"type":"collection_group","settings":{"collection_group_title":"","collection":"dry-goods"}},"collection_group_jKPnjE":{"type":"collection_group","settings":{"collection_group_title":"","collection":"personal-care"}},"collection_group_cUJ6Fc":{"type":"collection_group","settings":{"collection_group_title":"","collection":"snacks-beverages"}},"collection_group_whCTVd":{"type":"collection_group","settings":{"collection_group_title":"","collection":"office-school-supplies"}},"collection_group_8V6fQH":{"type":"collection_group","settings":{"collection_group_title":"","collection":"frozen"}},"collection_group_BUVifX":{"type":"collection_group","settings":{"collection_group_title":"","collection":"best-sellers"}},"collection_group_i4YVHM":{"type":"collection_group","settings":{"collection_group_title":"","collection":"instant-food"}},"collection_group_34Dd7N":{"type":"collection_group","settings":{"collection_group_title":"","collection":"beverages"}},"collection_group_8znR6n":{"type":"collection_group","settings":{"collection_group_title":"","collection":"refrigerated"}},"collection_group_BFphEF":{"type":"collection_group","settings":{"collection_group_title":"","collection":"snacks"}},"collection_group_DJ9GT8":{"type":"collection_group","settings":{"collection_group_title":"","collection":"weekly-specials"}}},"block_order":["collection_group_6ad447","collection_group_hkHfHX","collection_group_jKPnjE","collection_group_cUJ6Fc","collection_group_whCTVd","collection_group_8V6fQH","collection_group_BUVifX","collection_group_i4YVHM","collection_group_34Dd7N","collection_group_8znR6n","collection_group_BFphEF","collection_group_DJ9GT8"],"custom_css":[],"name":"Liliko Header","settings":{"color_scheme":"scheme-1","logo_width":120,"logo_width_mobile":100,"story_link":"shopify:\/\/pages\/contact","story_text":"Contact","search_text":"Search","account_link":"\/account","account_text":"Account","store_finder_link":"shopify:\/\/collections","store_finder_text":"View More Collections","search_heading":"Search","suggestion_heading":"What are you looking for?","suggest_product_1":"beauty-of-joseon-rice-probiotics-uv-sunscreen-spf50-plus-pa-plus-plus-plus-plus","suggest_product_2":"binggrae-banana-flavored-milk-drink-200ml-x-6ct","suggest_product_3":"cha-cha-original-sunflower-seed-250g-x-1bag","suggest_product_4":"beauty-of-joseon-rice-probiotics-uv-sunscreen-spf50-plus-pa-plus-plus-plus-plus","heading":"Popular Collections","collection_1":"beverages","collection_image_1":"shopify:\/\/shop_images\/collection_image_one.webp","collection_2":"instant-food","collection_image_2":"shopify:\/\/shop_images\/liliko_image4_400x_fcc84d3d-9129-4c7c-96e6-885d2c9cd579.webp","collection_3":""}}},"order":["header","bt_announcement_bar_kP9VA6","bt_navbar_wLN3zU"]}