{"sections":{"banner":{"type":"main-collection-banner","disabled":true,"custom_css":[],"settings":{"show_collection_description":true,"show_collection_image":true,"color_scheme":"scheme-4"}},"bt_collection_banner_fT7dCg":{"type":"bt_collection_banner","name":"Collection Banner","settings":{"color_scheme":"scheme-4"}},"product-grid":{"type":"main-collection-product-grid","settings":{"products_per_page":16,"columns_desktop":4,"columns_mobile":"2","color_scheme":"scheme-1","image_ratio":"portrait","image_shape":"default","show_secondary_image":false,"show_vendor":false,"show_rating":false,"quick_add":"none","enable_filtering":true,"filter_type":"horizontal","enable_sorting":true,"padding_top":36,"padding_bottom":60}}},"order":["banner","bt_collection_banner_fT7dCg","product-grid"]}