{"sections":{"bt_banner_c6ixxL":{"type":"BT_banner","blocks":{"slide_TU7J7n":{"type":"slide","settings":{"color_scheme":"scheme-3","desktop_image":"shopify:\/\/shop_images\/desktop_banner_liliko.webp","mobile_image":"shopify:\/\/shop_images\/mobile_banner_liliko.webp","image_alt":"Hero banner image","heading":"Your Next Craving Starts Here.","text":"Dive into our expanded collection of Kit Kats, instant ramen and unique beverages. Find your next obsession!","button_label":"Shop Now","button_link":"shopify:\/\/collections\/all","button_style":"secondary"}},"slide_wYnyie":{"type":"slide","disabled":true,"settings":{"color_scheme":"scheme-2","desktop_image":"shopify:\/\/shop_images\/06-2025_LAUNCH-PT_Web-Banner-Desktop-min_3000x_87df0581-c7bb-4f3c-bc35-a47bd488c742.webp","mobile_image":"shopify:\/\/shop_images\/06-2025_LAUNCH-PT_Web-Banner-Mobile-min_2001x_18bf3167-fa80-4bb3-9daa-b05a93337057.webp","image_alt":"Hero banner image","heading":"Finally, an energy drink that’s actually good for you.","text":"Try the new and improved Peach Tea for 15% off with PEACHTEA15.","button_label":"Shop Now","button_link":"shopify:\/\/collections","button_style":"primary"}}},"block_order":["slide_TU7J7n","slide_wYnyie"],"name":"LiloKo Banner","settings":{"color_scheme":"scheme-4","autoplay":false,"autoplay_delay":5,"loop":true}},"bt_categories_shop_JztkTt":{"type":"bt_categories_shop","blocks":{"category_KKtBRT":{"type":"category","settings":{"collection":"beverages","image":"shopify:\/\/shop_images\/beverage.png"}},"category_dEWQ3y":{"type":"category","settings":{"collection":"instant-food","image":"shopify:\/\/shop_images\/instant.png"}},"category_MHLyrF":{"type":"category","settings":{"collection":"refrigerated","image":"shopify:\/\/shop_images\/chilled.png"}},"category_m3XrFa":{"type":"category","settings":{"collection":"snacks","image":"shopify:\/\/shop_images\/snacks.png"}},"category_TnezJR":{"type":"category","settings":{"collection":"frozen","image":"shopify:\/\/shop_images\/frozen.png"}},"category_fx9VDN":{"type":"category","settings":{"collection":"bakery","image":"shopify:\/\/shop_images\/bakery.png"}},"category_B9qLem":{"type":"category","settings":{"collection":"personal-care","image":"shopify:\/\/shop_images\/daily-care.png"}},"category_FefWNL":{"type":"category","settings":{"collection":"dry-goods","image":"shopify:\/\/shop_images\/dry-goods.png"}},"category_NaUgHN":{"type":"category","settings":{"collection":"office-school-supplies","image":"shopify:\/\/shop_images\/stationary.png"}},"category_BV7bM6":{"type":"category","settings":{"collection":"household","image":"shopify:\/\/shop_images\/household.png"}}},"block_order":["category_KKtBRT","category_dEWQ3y","category_MHLyrF","category_m3XrFa","category_TnezJR","category_fx9VDN","category_B9qLem","category_FefWNL","category_NaUgHN","category_BV7bM6"],"disabled":true,"name":"Liliko Categories Shop","settings":{"color_scheme":"scheme-1","heading":"Shop By Category","button_label":"","button_link":"","padding_top":72,"padding_bottom":0}},"bt_tabs_card_PTYhdU":{"type":"BT_tabs_card","blocks":{"tab_FFGrpp":{"type":"tab","settings":{"title":"Instant Food","button_link":"shopify:\/\/collections\/instant-food","collection":"instant-food","enable_desktop_slider":false,"full_width":false,"color_scheme":"scheme-1","image_ratio":"portrait","image_shape":"default","show_secondary_image":true,"show_vendor":false,"show_rating":false,"quick_add":"standard","columns_mobile":"2","swipe_on_mobile":false,"padding_top":36,"padding_bottom":36}},"tab_AtpQf8":{"type":"tab","settings":{"title":"Dry Goods","button_link":"shopify:\/\/collections\/dry-goods","collection":"dry-goods","enable_desktop_slider":false,"full_width":false,"color_scheme":"scheme-1","image_ratio":"portrait","image_shape":"default","show_secondary_image":true,"show_vendor":false,"show_rating":false,"quick_add":"standard","columns_mobile":"2","swipe_on_mobile":false,"padding_top":36,"padding_bottom":36}},"tab_zNjRGG":{"type":"tab","settings":{"title":"Beverge","button_link":"shopify:\/\/collections\/beverages","collection":"beverages","enable_desktop_slider":false,"full_width":false,"color_scheme":"scheme-1","image_ratio":"portrait","image_shape":"default","show_secondary_image":true,"show_vendor":false,"show_rating":false,"quick_add":"standard","columns_mobile":"2","swipe_on_mobile":false,"padding_top":36,"padding_bottom":36}},"tab_pUgnmH":{"type":"tab","settings":{"title":"Frozen","button_link":"shopify:\/\/collections\/frozen","collection":"frozen","enable_desktop_slider":false,"full_width":false,"color_scheme":"scheme-1","image_ratio":"portrait","image_shape":"default","show_secondary_image":true,"show_vendor":false,"show_rating":false,"quick_add":"standard","columns_mobile":"2","swipe_on_mobile":false,"padding_top":36,"padding_bottom":36}}},"block_order":["tab_FFGrpp","tab_AtpQf8","tab_zNjRGG","tab_pUgnmH"],"disabled":true,"name":"Liliko Tabs Card","settings":{"padding_top":72,"padding_bottom":0,"color_scheme":"scheme-1","title":"New Arrival","content":"Explore our latest collection of books, featuring fresh releases across all genres.","heading_size":"h2","button_label":"Shop Now","button_link":"shopify:\/\/collections\/all","products_to_show":10,"columns_desktop":5,"button_style":"secondary","enable_outline":true}},"featured_collection_rag4yt":{"type":"featured-collection","name":"t:sections.featured-collection.presets.name","settings":{"collection":"instant-food","products_to_show":10,"title":"Grab & Go Favorites","heading_size":"h2","description":"","show_description":false,"description_style":"body","columns_desktop":5,"enable_desktop_slider":false,"full_width":false,"show_view_all":true,"button_style":"secondary","color_scheme":"scheme-1","image_ratio":"portrait","image_shape":"default","show_secondary_image":false,"show_vendor":false,"show_rating":false,"quick_add":"standard","columns_mobile":"2","swipe_on_mobile":false,"padding_top":72,"padding_bottom":0}},"featured_collection_WtbbFE":{"type":"featured-collection","name":"t:sections.featured-collection.presets.name","settings":{"collection":"frozen","products_to_show":10,"title":"Top Frozen Picks","heading_size":"h2","description":"","show_description":false,"description_style":"body","columns_desktop":5,"enable_desktop_slider":false,"full_width":false,"show_view_all":true,"button_style":"secondary","color_scheme":"","image_ratio":"portrait","image_shape":"default","show_secondary_image":false,"show_vendor":false,"show_rating":false,"quick_add":"standard","columns_mobile":"2","swipe_on_mobile":false,"padding_top":72,"padding_bottom":0}},"featured_collection_Qc9wKa":{"type":"featured-collection","name":"t:sections.featured-collection.presets.name","settings":{"collection":"household","products_to_show":10,"title":"Household Essentials","heading_size":"h2","description":"","show_description":false,"description_style":"body","columns_desktop":5,"enable_desktop_slider":false,"full_width":false,"show_view_all":true,"button_style":"secondary","color_scheme":"","image_ratio":"portrait","image_shape":"default","show_secondary_image":false,"show_vendor":false,"show_rating":false,"quick_add":"standard","columns_mobile":"2","swipe_on_mobile":false,"padding_top":72,"padding_bottom":0}},"bt_shop_by_collection_tdDXf7":{"type":"BT_Shop_by_collection","blocks":{"collection_nKeqpA":{"type":"collection","settings":{"collection":"instant-food","image":"shopify:\/\/shop_images\/ramen-banner_b93eb2b4-f2e5-4a64-bc53-7bbd2cae6299.png","title":"","button_text":"Shop Collection"}},"collection_iFHHdj":{"type":"collection","settings":{"collection":"snacks","image":"shopify:\/\/shop_images\/pizza-banner_8df8a28e-8ffe-49a7-9819-28e28e6019de.png","title":"","button_text":"Shop Collection"}},"collection_BWafHW":{"type":"collection","settings":{"collection":"frozen","image":"shopify:\/\/shop_images\/dumpling-banners.png","title":"","button_text":"Shop Collection"}},"collection_H6yLr9":{"type":"collection","settings":{"collection":"personal-care","image":"shopify:\/\/shop_images\/beauty-banner_928dab88-d5fb-456a-8771-81b52095a707.png","title":"","button_text":"Shop Collection"}}},"block_order":["collection_nKeqpA","collection_iFHHdj","collection_BWafHW","collection_H6yLr9"],"name":"Liliko Collection Cards","settings":{"padding_top":72,"padding_bottom":0}},"bt_sale_discount_section_rAKfCX":{"type":"BT_sale_discount_section","blocks":{"brand_npbjXF":{"type":"brand","settings":{"image":"shopify:\/\/shop_images\/ajinomoto_logo.png","title":"Ajinomoto","link":"\/collections\/all?filter.v.price.gte=&filter.v.price.lte=&filter.p.m.custom.brand=AJINOMOTO&sort_by=title-ascending"}},"brand_QU9jFF":{"type":"brand","settings":{"image":"shopify:\/\/shop_images\/nestle-logo.png","title":"Nestle","link":"\/collections\/all?filter.v.price.gte=&filter.v.price.lte=&filter.p.m.custom.brand=Nestle&sort_by=title-ascending"}},"brand_jcBbET":{"type":"brand","settings":{"image":"shopify:\/\/shop_images\/itoen_logo.png","title":"Itoen","link":"\/collections\/all?filter.v.price.gte=&filter.v.price.lte=&filter.p.m.custom.brand=Itoen&sort_by=title-ascending"}},"brand_Yc6UgF":{"type":"brand","settings":{"image":"shopify:\/\/shop_images\/shirakiku_logo.png","title":"Shirakiku","link":"\/collections\/all?filter.v.price.gte=&filter.v.price.lte=&filter.p.m.custom.brand=Shirakiku&sort_by=title-ascending"}},"brand_kDQj3h":{"type":"brand","settings":{"image":"shopify:\/\/shop_images\/orion_logo.png","title":"Orion","link":"\/collections\/all?filter.v.price.gte=&filter.v.price.lte=&filter.p.m.custom.brand=Orion&sort_by=title-ascending"}},"brand_bhXp8Y":{"type":"brand","settings":{"image":"shopify:\/\/shop_images\/ottogi_logo.png","title":"Ottogi","link":"\/collections\/all?filter.v.price.gte=&filter.v.price.lte=&filter.p.m.custom.brand=Ottogi&sort_by=title-ascending"}},"brand_C6Cchh":{"type":"brand","settings":{"image":"shopify:\/\/shop_images\/meiji_logo.png","title":"Meigi","link":"\/collections\/all?filter.v.price.gte=&filter.v.price.lte=&filter.p.m.custom.brand=MEIJI&sort_by=title-ascending"}},"brand_rbM7rD":{"type":"brand","settings":{"image":"shopify:\/\/shop_images\/Kasugai_logo.png","title":"Kasugai","link":"\/collections\/all?filter.v.price.gte=&filter.v.price.lte=&filter.p.m.custom.brand=Kasugai&sort_by=title-ascending"}},"brand_9U7Tt8":{"type":"brand","settings":{"image":"shopify:\/\/shop_images\/jayone_logo.png","title":"Jayone","link":"\/collections\/all?filter.v.price.gte=&filter.v.price.lte=&filter.p.m.custom.brand=Jayone&sort_by=title-ascending"}},"brand_LrGXni":{"type":"brand","settings":{"image":"shopify:\/\/shop_images\/irvins_logo.png","title":"Irvins","link":"\/collections\/all?filter.v.price.gte=&filter.v.price.lte=&filter.p.m.custom.brand=IRVINS&sort_by=title-ascending"}},"brand_LQ6z7q":{"type":"brand","settings":{"image":"shopify:\/\/shop_images\/bestore_logo.png","title":"Bestore","link":"\/collections\/all?filter.v.price.gte=&filter.v.price.lte=&filter.p.m.custom.brand=Bestore&sort_by=title-ascending"}},"brand_BybYNG":{"type":"brand","settings":{"image":"shopify:\/\/shop_images\/asahi_logo.png","title":"Asahi","link":"\/collections\/all?filter.v.price.gte=&filter.v.price.lte=&filter.p.m.custom.brand=Asahi&sort_by=title-ascending"}},"brand_RJQrgz":{"type":"brand","settings":{"image":"shopify:\/\/shop_images\/morinaga_logo_1.png","title":"Morinaga","link":"https:\/\/www.lilikoshop.com\/collections\/all?filter.v.price.gte=&filter.v.price.lte=&filter.p.m.custom.brand=Morinaga&sort_by=title-ascending"}},"brand_GbLJkF":{"type":"brand","settings":{"image":"shopify:\/\/shop_images\/lays_logo_1.png","title":"Lay's","link":"https:\/\/www.lilikoshop.com\/collections\/all?filter.v.price.gte=&filter.v.price.lte=&filter.p.m.custom.brand=Lay%27s&sort_by=title-ascending"}},"brand_RQNejp":{"type":"brand","settings":{"image":"shopify:\/\/shop_images\/yakult_logo_1.png","title":"Yakult","link":"https:\/\/www.lilikoshop.com\/collections\/all?filter.v.price.gte=&filter.v.price.lte=&filter.p.m.custom.brand=Yahttps:\/\/www.lilikoshop.com\/collections\/all?filter.v.price.gte=&filter.v.price.lte=&filter.p.m.custom.brand=Bourbon&sort_by=title-ascendingkult&sort_by=title-ascending"}},"brand_dmKcYL":{"type":"brand","settings":{"image":"shopify:\/\/shop_images\/weilong_logo_1.png","title":"weilong","link":"https:\/\/www.lilikoshop.com\/collections\/all?filter.v.price.gte=&filter.v.price.lte=&filter.p.m.custom.brand=WEILONG&sort_by=title-ascending"}},"brand_CAeTeT":{"type":"brand","disabled":true,"settings":{"image":"shopify:\/\/shop_images\/amanoya_logo_1.png","title":"Amanoya","link":"https:\/\/www.lilikoshop.com\/products\/amanoya-himemaru-rice-cracker-wasabi?_pos=2&_fid=1f1ddd056&_ss=c"}},"brand_jEJUe7":{"type":"brand","disabled":true,"settings":{"image":"shopify:\/\/shop_images\/bourbon_logo_1.png","title":"Bourbon","link":"https:\/\/www.lilikoshop.com\/collections\/all?filter.v.price.gte=&filter.v.price.lte=&filter.p.m.custom.brand=Bourbon&sort_by=title-ascending"}}},"block_order":["brand_npbjXF","brand_QU9jFF","brand_jcBbET","brand_Yc6UgF","brand_kDQj3h","brand_bhXp8Y","brand_C6Cchh","brand_rbM7rD","brand_9U7Tt8","brand_LrGXni","brand_LQ6z7q","brand_BybYNG","brand_RJQrgz","brand_GbLJkF","brand_RQNejp","brand_dmKcYL","brand_CAeTeT","brand_jEJUe7"],"name":"Liliko Sale section","settings":{"heading":"Shop By Brand","banner_heading":"Shop This Week's featured Picks","banner_para":"","banner_btn_text":"Weekly Spotlight","banner_btn_url":"shopify:\/\/collections\/weekly-specials","banner_image":"shopify:\/\/shop_images\/0.jpg","color_scheme":"","padding_top":72,"padding_bottom":0}},"bt_product_card_zdTmnx":{"type":"BT_product_card","disabled":true,"name":"Product Cards Slider","settings":{"color_scheme":"scheme-4","heading":"Optimal hydration with clean ingredients.","collection":"new-arrivals","product_count":8,"show_category":true,"category_text":"Electrolyte Drink Mix","soldout_text":"Sold Out","autoplay":false,"autoplay_delay":5,"loop":false,"button_style":"secondary","padding_top":72,"padding_bottom":0}},"bt_card_kdFXed":{"type":"BT_card","blocks":{"cta_card_mTXiNh":{"type":"cta_card","settings":{"heading":"Subscribe & Save","description":"Keep it coming and never run out of your favorite smoothies with a recurring snack subscription.","button_text":"subscribe today","button_link":"","background_image":"shopify:\/\/shop_images\/bg-pattern-1.png"}},"cta_card_Qgh8qz":{"type":"cta_card","settings":{"heading":"Top Flavors, One Pack","description":"The easiest way to fuel up: our best-selling Variety Pack lets you taste them all.","button_text":"shop now","button_link":"","background_image":"shopify:\/\/shop_images\/bg-pattern-2.png"}}},"block_order":["cta_card_mTXiNh","cta_card_Qgh8qz"],"disabled":true,"name":"Liliko CTA Cards","settings":{"color_scheme":"scheme-4","padding_top":72,"padding_bottom":0}},"bt_collection_card_xyBjR8":{"type":"BT_collection_card","blocks":{"product_card_KVMPja":{"type":"product_card","settings":{"product_title":"Thirsty Buddha® Coconut Water","product_description":"Nourish your body with the natural benefits of coconut water.","product_link":"","product_image":"shopify:\/\/shop_images\/bibigo-sliced-napa-cabbage-kimchi-400g.webp","button_text":"shop now"}},"product_card_WVbKjn":{"type":"product_card","settings":{"product_title":"Thirsty Buddha® Coconut Water","product_description":"Nourish your body with the natural benefits of coconut water.","product_link":"","product_image":"shopify:\/\/shop_images\/takaokaya-sushihane-nori-seaweed-10sht_69ac87e0-bc46-4864-b70b-24c8da0d1119.webp","button_text":"shop now"}},"product_card_ykVUn3":{"type":"product_card","settings":{"product_title":"Thirsty Buddha® Coconut Water","product_description":"Nourish your body with the natural benefits of coconut water.","product_link":"","product_image":"shopify:\/\/shop_images\/jongga-yulmu-kimchi-500g_72b8e323-6081-4fa4-bd3f-e63f340f6b76.webp","button_text":"shop now"}},"product_card_hTbgnn":{"type":"product_card","settings":{"product_title":"Thirsty Buddha® Coconut Water","product_description":"Nourish your body with the natural benefits of coconut water.","product_link":"","product_image":"shopify:\/\/shop_images\/itoen-tea-bags-54p-kaori-kaoru-barley-tea.webp","button_text":"shop now"}},"product_card_EcLzYY":{"type":"product_card","settings":{"product_title":"Thirsty Buddha® Coconut Water","product_description":"Nourish your body with the natural benefits of coconut water.","product_link":"","product_image":"shopify:\/\/shop_images\/kao-magiclean-bathroom-stain-and-mold-remover-spray_28a2f733-df45-48d2-8e9e-a7ca30f8945d.webp","button_text":"shop now"}}},"block_order":["product_card_KVMPja","product_card_WVbKjn","product_card_ykVUn3","product_card_hTbgnn","product_card_EcLzYY"],"disabled":true,"name":"Liliko Collection Card","settings":{"color_scheme":"scheme-1","heading":"Best Sellers","card_bg_color":"#efafc0","card_hover_bg_color":"#7a0120","hover_text_color":"#efafc0","arrow_color":"#0076a8","padding_top":72,"padding_bottom":0}},"bt_instagram_W8wQnE":{"type":"BT_instagram","blocks":{"instagram_post_jYqwUx":{"type":"instagram_post","settings":{"thumbnail":"shopify:\/\/shop_images\/573251888_18539458780039722_7052194402475929558_n.jpg","video_url":"https:\/\/www.nokaorganics.com\/cdn\/shop\/videos\/c\/vp\/ec5735eb92a145ea963141a348c85357\/ec5735eb92a145ea963141a348c85357.m3u8?v=0","caption":"Beach days start now 😍 #MDW snacks for the whole family.","date":"may 26"}},"instagram_post_DNeq89":{"type":"instagram_post","settings":{"image":"shopify:\/\/shop_images\/569358033_18536426029039722_3484472882520471856_n.jpg","video_url":"","caption":"Beach days start now 😍 #MDW snacks for the whole family.","date":"may 26"}},"instagram_post_pYpH7f":{"type":"instagram_post","settings":{"thumbnail":"shopify:\/\/shop_images\/573251888_18539458780039722_7052194402475929558_n.jpg","video_url":"https:\/\/www.nokaorganics.com\/cdn\/shop\/videos\/c\/vp\/ec5735eb92a145ea963141a348c85357\/ec5735eb92a145ea963141a348c85357.m3u8?v=0","caption":"Beach days start now 😍 #MDW snacks for the whole family.","date":"may 26"}},"instagram_post_8hQHQj":{"type":"instagram_post","settings":{"image":"shopify:\/\/shop_images\/569358033_18536426029039722_3484472882520471856_n.jpg","video_url":"","caption":"Beach days start now 😍 #MDW snacks for the whole family.","date":"may 26"}},"instagram_post_PmXc3f":{"type":"instagram_post","settings":{"thumbnail":"shopify:\/\/shop_images\/573251888_18539458780039722_7052194402475929558_n.jpg","video_url":"https:\/\/www.nokaorganics.com\/cdn\/shop\/videos\/c\/vp\/ec5735eb92a145ea963141a348c85357\/ec5735eb92a145ea963141a348c85357.m3u8?v=0","caption":"Beach days start now 😍 #MDW snacks for the whole family.","date":"may 26"}},"instagram_post_dMhakh":{"type":"instagram_post","settings":{"image":"shopify:\/\/shop_images\/569358033_18536426029039722_3484472882520471856_n.jpg","video_url":"","caption":"Beach days start now 😍 #MDW snacks for the whole family.","date":"may 26"}}},"block_order":["instagram_post_jYqwUx","instagram_post_DNeq89","instagram_post_pYpH7f","instagram_post_8hQHQj","instagram_post_PmXc3f","instagram_post_dMhakh"],"name":"Liliko Instagram","settings":{"color_scheme":"","heading":"Follow","instagram_username":"<a href=\"https:\/\/instagram.com\" target=\"_blank\" title=\"https:\/\/instagram.com\">@liliko<\/a>","instagram_logo":"shopify:\/\/shop_images\/logo-instagram-transparent.webp","instagram_icon":"shopify:\/\/shop_images\/instagram-icon-v2.svg","instagram_video_icon":"shopify:\/\/shop_images\/video-icon-v3.png","play_icon":"shopify:\/\/shop_images\/download_13.svg","pause_icon":"shopify:\/\/shop_images\/download_11.svg","mute_icon":"shopify:\/\/shop_images\/download_10.svg","unmute_icon":"shopify:\/\/shop_images\/download_12.svg","padding_top":72,"padding_bottom":72}}},"order":["bt_banner_c6ixxL","bt_categories_shop_JztkTt","bt_tabs_card_PTYhdU","featured_collection_rag4yt","featured_collection_WtbbFE","featured_collection_Qc9wKa","bt_shop_by_collection_tdDXf7","bt_sale_discount_section_rAKfCX","bt_product_card_zdTmnx","bt_card_kdFXed","bt_collection_card_xyBjR8","bt_instagram_W8wQnE"]}