{"sections":{"main":{"type":"main-product","blocks":{"product_info_8VLRdg":{"type":"product__info","settings":{}},"title":{"type":"title","settings":{}},"price":{"type":"price","settings":{}},"inventory_KjKqCX":{"type":"inventory","settings":{"text_style":"body","inventory_threshold":10,"show_inventory_quantity":true}},"description":{"type":"description","settings":{}},"variant_picker":{"type":"variant_picker","settings":{"picker_type":"button","swatch_shape":"circle"}},"quantity_selector":{"type":"quantity_selector","disabled":true,"settings":{}},"buy_buttons":{"type":"buy_buttons","settings":{"show_dynamic_checkout":true,"show_gift_card_recipient":true}},"trust_badge_zYGGVc":{"type":"trust_badge","disabled":true,"settings":{"trust_badge_text_1":"Free International Shipping over $120","trust_badge_icon_one":"car","trust_badge_text_2":"","trust_badge_icon_two":"none"}},"product_accordion_mMJQBk":{"type":"product_accordion","settings":{"title_1":"Description","text_1":"","text_1_liquid":"{{ product.description }}","title_2":"Shipping & Return","text_2":"We offer fast, eco-friendly shipping on all orders. Returns accepted within 14 days in original condition. Customer satisfaction is our priority—contact us for hassle-free support and easy return processing.","text_2_liquid":""}},"payment_security_XPHD3K":{"type":"Payment_Security","settings":{}}},"block_order":["product_info_8VLRdg","title","price","inventory_KjKqCX","description","variant_picker","quantity_selector","buy_buttons","trust_badge_zYGGVc","product_accordion_mMJQBk","payment_security_XPHD3K"],"settings":{"enable_sticky_info":true,"color_scheme":"scheme-4","media_size":"medium","constrain_to_viewport":true,"media_fit":"cover","gallery_layout":"stacked","mobile_thumbnails":"hide","media_position":"left","image_zoom":"none","hide_variants":true,"enable_video_looping":true,"title_1":"Description","text_1":"","text_1_liquid":"{{ product.description }}","title_2":"Shipping & Return","text_2":"We offer fast, eco-friendly shipping on all orders. Returns accepted within 14 days in original condition. Customer satisfaction is our priority—contact us for hassle-free support and easy return processing.","text_2_liquid":"","padding_top":140,"padding_bottom":12}},"main_product_section_y9dV7P":{"type":"main-product-section","disabled":true,"name":"main-product-section","settings":{}},"17644121047de54517":{"type":"apps","blocks":{"judge_me_reviews_review_widget_R89CPh":{"type":"shopify:\/\/apps\/judge-me-reviews\/blocks\/review_widget\/61ccd3b1-a9f2-4160-9fe9-4fec8413e5d8","settings":{"review_data":"real_data","max_width":1200,"show_shop_reviews":false,"empty_state":"empty_widget"}}},"block_order":["judge_me_reviews_review_widget_R89CPh"],"settings":{"include_margins":true}},"related-products":{"type":"related-products","custom_css":[],"settings":{"heading":"You may also like","heading_size":"h2","products_to_show":5,"columns_desktop":5,"columns_mobile":"2","color_scheme":"scheme-4","image_ratio":"portrait","image_shape":"default","show_secondary_image":false,"show_vendor":false,"show_rating":false,"padding_top":0,"padding_bottom":56}},"bt_recently_viewed_Jnkngz":{"type":"Bt_recently_viewed","name":"Liliko Recently Viewed","settings":{"color":"scheme-4","margin-top":0,"margin-bottom":36}},"tabs_section_4azQAk":{"type":"tabs-section","disabled":true,"name":"tabs section","settings":{}},"checkered_section_nknEpR":{"type":"checkered-section","disabled":true,"name":"Checkered Section","settings":{}},"faq_C8rtwY":{"type":"faq","disabled":true,"name":"faq","settings":{}},"card_icons_with_text_nkCiJr":{"type":"card-icons-with-text","disabled":true,"name":"card","settings":{}},"bt_sticky_atc_8aV3m8":{"type":"Bt_sticky_atc","name":"Liliko Sticky Atc","settings":{}}},"order":["main","main_product_section_y9dV7P","17644121047de54517","related-products","bt_recently_viewed_Jnkngz","tabs_section_4azQAk","checkered_section_nknEpR","faq_C8rtwY","card_icons_with_text_nkCiJr","bt_sticky_atc_8aV3m8"]}